pid,pfirstname,plastname,p_age,pgender,pemail,pmobilenumber,paddress
10100,Jacob,Stevonson,42,Male,jacob@gmail.com,8941372561,Pondicherry
10101,Mohan,Dadvani,60,Male,mohan@gmail.com,9217334768,Delhi
10102,Harshitha,Gowda,23,Female,harshitha@gmail.com,7619842536,Bangalore
10103,Srikar,Varma,58,Male,srikar@gmail.com,8945167661,Hyderabad
10104,Anindita,Deb,45,Female,anu@gmail.com,9657987415,Kolkata
10105,Shiva,Anandan,45,Male,shiva@gmail.com,9977465371,Chennai
10106,Pranita,Wadhekar,35,Female,pranita@gmail.com,9212364144,Mumbai
10107,Chirag,Nair,36,Male,chirag@gmail.com,9465112365,Trivandrum
10108,Geeta,Jaa,50,Female,geeta@gmail.com,8439716528,Lucknow
10109,Xiang,Chi,50,Male,xiang@gmail.com,6871982345,Gangtok
10110,Anup,Bandhary,78,Male,anup@gmail.com,7642359815,Ahmedabad
10111,Tara,Singh,19,Female,tara@gmail.com,7765125492,Chandigarh
10112,Dhanush,Hegde,17,Male,dhanush@gmail.com,9277652812,Hubali
10113,Preeti,Seikh,29,Female,preeti@gmail.com,6998274311,Nainital
10114,Mohith,Tiwari,49,Male,mohith@gmail.com,9768544712,Jaipur
10115,Suhasini,Gupta,38,Female,suhasini@gmail.com,8462317137,Noida
10116,Kunal,Khanna,28,Male,kunal@gmail.com,8685468454,Jodhpur
10117,Vaidehi,Balakrishnan,37,Female,vaidehi@gmail.com,9557186415,Ranchi
10118,Simran,Hegde,43,Female,simran@gmail.com,9561574313,Mangalore
10119,Akarsh,Bhatia,36,Male,akarsh@gmail.com,9611365168,Amaravati
